location,NO2Level,TSGAS,JamFactor,TSJAM,lat,lon,ts 
KC5,82.5,2016-04-16 22:00:00,1.27146,2016-04-16T23:47:32.000+0000,51.49019756,-0.190863311,1460850511635 
KC5,80.4,2016-04-16 10:00:00,8.20279,2016-04-16T11:47:29.000+0000,51.49019756,-0.190863311,1460807311206 
KC3,69.7,2016-04-13 21:00:00,0.01116,2016-04-17T03:02:32.000+0000,51.49913951,-0.164337605,1460862211745 
KC4,67.5,2016-04-17 01:00:00,0.89353,2016-04-17T03:02:32.000+0000,51.48743685,-0.168397129,1460862211745 
KC5,69.6,2016-04-17 01:00:00,0,2016-04-17T03:02:32.000+0000,51.49019756,-0.190863311,1460862211745 
KC4,29.7,2016-04-16 01:00:00,0,2016-04-16T02:33:21.000+0000,51.48743685,-0.168397129,1460774010958 
KC5,32.9,2016-04-16 01:00:00,0.25562,2016-04-16T02:33:21.000+0000,51.49019756,-0.190863311,1460774010958 
KC4,75.9,2016-04-16 23:00:00,2.93447,2016-04-17T00:17:32.000+0000,51.48743685,-0.168397129,1460852311662 
KC5,81,2016-04-16 23:00:00,2.09552,2016-04-17T00:17:32.000+0000,51.49019756,-0.190863311,1460852311662 
KC3,69.7,2016-04-13 21:00:00,4.57994,2016-04-17T00:17:32.000+0000,51.49913951,-0.164337605,1460852311662 
KC5,81.6,2016-04-16 14:00:00,4.62074,2016-04-16T15:32:30.000+0000,51.49019756,-0.190863311,1460820811363 
KC4,47,2016-04-17 03:00:00,0.35819,2016-04-17T04:17:32.000+0000,51.48743685,-0.168397129,1460866711796 
KC5,69.6,2016-04-17 01:00:00,0,2016-04-17T02:32:32.000+0000,51.49019756,-0.190863311,1460860411736 
KC4,51,2016-04-16 09:00:00,5.72667,2016-04-16T11:02:29.000+0000,51.48743685,-0.168397129,1460804611161 
KC3,69.7,2016-04-13 21:00:00,7.06792,2016-04-16T11:02:29.000+0000,51.49913951,-0.164337605,1460804611161 
KC4,48.3,2016-04-16 10:00:00,4.83659,2016-04-16T12:02:29.000+0000,51.48743685,-0.168397129,1460808211220 
KC3,69.7,2016-04-13 21:00:00,6.00214,2016-04-16T12:02:29.000+0000,51.49913951,-0.164337605,1460808211220 
KC3,69.7,2016-04-13 21:00:00,0.89925,2016-04-15T22:48:19.000+0000,51.49913951,-0.164337605,1460760510871 
KC5,72.6,2016-04-16 15:00:00,5.83173,2016-04-16T16:32:30.000+0000,51.49019756,-0.190863311,1460824411399 
KC3,69.7,2016-04-13 21:00:00,0.0632,2016-04-17T04:47:33.000+0000,51.49913951,-0.164337605,1460868511823 
KC4,38.5,2016-04-17 09:00:00,3.89217,2016-04-17T10:17:33.000+0000,51.48743685,-0.168397129,1460888312014 
KC4,42.3,2016-04-17 04:00:00,0.34412,2016-04-17T06:17:33.000+0000,51.48743685,-0.168397129,1460873911884 
KC5,60.8,2016-04-17 04:00:00,0.41515,2016-04-17T06:17:33.000+0000,51.49019756,-0.190863311,1460873911884 
KC3,69.7,2016-04-13 21:00:00,3.69952,2016-04-17T10:47:33.000+0000,51.49913951,-0.164337605,1460890112032 
KC4,77.8,2016-04-17 00:00:00,1.441,2016-04-17T01:47:31.000+0000,51.48743685,-0.168397129,1460857711717 
KC3,69.7,2016-04-13 21:00:00,0.13101,2016-04-17T01:47:31.000+0000,51.49913951,-0.164337605,1460857711717 
KC5,55.1,2016-04-16 12:00:00,6.97116,2016-04-16T13:32:29.000+0000,51.49019756,-0.190863311,1460813611287 
KC3,69.7,2016-04-13 21:00:00,4.49466,2016-04-16T18:32:32.000+0000,51.49913951,-0.164337605,1460831611441 
KC5,99.7,2016-04-16 17:00:00,6.19843,2016-04-16T18:32:32.000+0000,51.49019756,-0.190863311,1460831611441 
KC4,60.7,2016-04-16 19:00:00,4.8151,2016-04-16T20:17:32.000+0000,51.48743685,-0.168397129,1460837911522 
KC5,81.6,2016-04-16 18:00:00,4.97562,2016-04-16T19:47:32.000+0000,51.49019756,-0.190863311,1460836111500 
KC3,69.7,2016-04-13 21:00:00,4.338,2016-04-16T19:47:32.000+0000,51.49913951,-0.164337605,1460836111500 
KC4,55.7,2016-04-15 21:00:00,2.12572,2016-04-15T22:33:19.000+0000,51.48743685,-0.168397129,1460759610866 
KC5,79.4,2016-04-15 21:00:00,2.91707,2016-04-15T22:33:19.000+0000,51.49019756,-0.190863311,1460759610866 
KC5,89.9,2016-04-16 21:00:00,2.16894,2016-04-16T22:17:33.000+0000,51.49019756,-0.190863311,1460845111585 
KC5,74.2,2016-04-16 19:00:00,2.07866,2016-04-16T20:47:32.000+0000,51.49019756,-0.190863311,1460839711549 
KC3,69.7,2016-04-13 21:00:00,5.18471,2016-04-16T20:47:32.000+0000,51.49913951,-0.164337605,1460839711549 
KC4,23.3,2016-04-16 03:00:00,0.72379,2016-04-16T04:18:22.000+0000,51.48743685,-0.168397129,1460780310996 
KC3,69.7,2016-04-13 21:00:00,0,2016-04-16T03:33:21.000+0000,51.49913951,-0.164337605,1460777610984 
KC4,22.8,2016-04-16 02:00:00,0.86691,2016-04-16T03:33:21.000+0000,51.48743685,-0.168397129,1460777610984 
KC3,69.7,2016-04-13 21:00:00,5.13381,2016-04-16T20:32:32.000+0000,51.49913951,-0.164337605,1460838811541 
KC5,74.2,2016-04-16 19:00:00,3.35812,2016-04-16T20:32:32.000+0000,51.49019756,-0.190863311,1460838811541 
KC4,46.4,2016-04-16 12:00:00,5.64991,2016-04-16T13:32:29.000+0000,51.48743685,-0.168397129,1460813611287 
KC4,55.7,2016-04-15 21:00:00,2.84103,2016-04-15T22:48:19.000+0000,51.48743685,-0.168397129,1460760510871 
KC3,69.7,2016-04-13 21:00:00,1.79095,2016-04-17T07:47:33.000+0000,51.49913951,-0.164337605,1460879311920 
KC3,69.7,2016-04-13 21:00:00,0.09623,2016-04-16T04:18:22.000+0000,51.49913951,-0.164337605,1460780310996 
KC4,47.9,2016-04-16 07:00:00,2.92311,2016-04-16T08:17:24.000+0000,51.48743685,-0.168397129,1460794711082 
KC5,82.3,2016-04-16 07:00:00,4.32773,2016-04-16T08:17:24.000+0000,51.49019756,-0.190863311,1460794711082 
KC5,60.8,2016-04-17 04:00:00,0.67664,2016-04-17T05:47:33.000+0000,51.49019756,-0.190863311,1460872111871 
KC4,42.3,2016-04-17 04:00:00,1.78901,2016-04-17T05:47:33.000+0000,51.48743685,-0.168397129,1460872111871 
KC5,68.9,2016-04-16 09:00:00,5.68209,2016-04-16T10:47:29.000+0000,51.49019756,-0.190863311,1460803711150 
KC4,45.7,2016-04-17 06:00:00,1.78048,2016-04-17T07:32:33.000+0000,51.48743685,-0.168397129,1460878411917 
KC4,59.8,2016-04-16 15:00:00,6.31616,2016-04-16T16:17:30.000+0000,51.48743685,-0.168397129,1460823511392 
KC4,47.9,2016-04-16 07:00:00,3.97308,2016-04-16T08:32:24.000+0000,51.48743685,-0.168397129,1460795611085 
KC5,82.3,2016-04-16 07:00:00,4.92607,2016-04-16T08:32:24.000+0000,51.49019756,-0.190863311,1460795611085 
KC3,69.7,2016-04-13 21:00:00,4.47034,2016-04-16T22:02:33.000+0000,51.49913951,-0.164337605,1460844211581 
KC3,69.7,2016-04-13 21:00:00,0.31515,2016-04-16T04:03:21.000+0000,51.49913951,-0.164337605,1460779410991 
KC3,69.7,2016-04-13 21:00:00,3.7882,2016-04-16T09:17:27.000+0000,51.49913951,-0.164337605,1460798311096 
KC4,55,2016-04-17 05:00:00,0.83182,2016-04-17T07:02:33.000+0000,51.48743685,-0.168397129,1460876611910 
KC4,75.9,2016-04-16 23:00:00,3.07632,2016-04-17T00:47:32.000+0000,51.48743685,-0.168397129,1460854111677 
KC5,58.7,2016-04-17 03:00:00,1.79862,2016-04-17T05:02:32.000+0000,51.49019756,-0.190863311,1460869411836 
KC4,52.3,2016-04-16 13:00:00,4.75126,2016-04-16T14:47:30.000+0000,51.48743685,-0.168397129,1460818111334 
KC4,59.8,2016-04-16 16:00:00,5.72168,2016-04-16T17:47:31.000+0000,51.48743685,-0.168397129,1460828911432 
KC5,98.6,2016-04-16 16:00:00,2.9066,2016-04-16T17:47:31.000+0000,51.49019756,-0.190863311,1460828911432 
KC3,69.7,2016-04-13 21:00:00,4.33247,2016-04-16T18:47:32.000+0000,51.49913951,-0.164337605,1460832511443 
KC4,52.2,2016-04-16 17:00:00,6.20128,2016-04-16T18:47:32.000+0000,51.48743685,-0.168397129,1460832511443 
KC5,99.7,2016-04-16 17:00:00,4.6432,2016-04-16T18:47:32.000+0000,51.49019756,-0.190863311,1460832511443 
KC5,43.4,2016-04-16 00:00:00,0.50317,2016-04-16T02:03:21.000+0000,51.49019756,-0.190863311,1460772210946 
KC3,69.7,2016-04-13 21:00:00,3.95724,2016-04-16T19:02:32.000+0000,51.49913951,-0.164337605,1460833411460 
KC4,52.2,2016-04-16 17:00:00,5.86642,2016-04-16T19:02:32.000+0000,51.48743685,-0.168397129,1460833411460 
KC4,52.2,2016-04-16 17:00:00,5.05981,2016-04-16T18:32:32.000+0000,51.48743685,-0.168397129,1460831611441 
KC3,69.7,2016-04-13 21:00:00,6.02944,2016-04-16T15:32:30.000+0000,51.49913951,-0.164337605,1460820811363 
KC5,62.6,2016-04-16 05:00:00,2.60225,2016-04-16T06:47:24.000+0000,51.49019756,-0.190863311,1460789311056 
KC4,48.7,2016-04-16 08:00:00,5.34395,2016-04-16T10:02:29.000+0000,51.48743685,-0.168397129,1460801011109 
KC4,52,2016-04-16 18:00:00,5.32251,2016-04-16T19:47:32.000+0000,51.48743685,-0.168397129,1460836111500 
KC4,47,2016-04-17 03:00:00,0,2016-04-17T05:02:32.000+0000,51.48743685,-0.168397129,1460869411836 
KC3,69.7,2016-04-13 21:00:00,3.97232,2016-04-16T10:02:29.000+0000,51.49913951,-0.164337605,1460801011109 
KC5,86.5,2016-04-16 08:00:00,6.18078,2016-04-16T10:02:29.000+0000,51.49019756,-0.190863311,1460801011109 
KC3,69.7,2016-04-13 21:00:00,0.18496,2016-04-16T01:03:19.000+0000,51.49913951,-0.164337605,1460768610919 
KC5,58.8,2016-04-15 23:00:00,1.46494,2016-04-16T01:03:19.000+0000,51.49019756,-0.190863311,1460768610919 
KC4,60.3,2016-04-15 23:00:00,0.29704,2016-04-16T01:03:19.000+0000,51.48743685,-0.168397129,1460768610919 
KC5,69.6,2016-04-15 22:00:00,0.166,2016-04-15T23:18:19.000+0000,51.49019756,-0.190863311,1460762310881 
KC5,81,2016-04-16 23:00:00,1.70925,2016-04-17T01:02:32.000+0000,51.49019756,-0.190863311,1460855011686 
KC4,75.9,2016-04-16 23:00:00,1.90658,2016-04-17T01:02:32.000+0000,51.48743685,-0.168397129,1460855011686 
KC3,69.7,2016-04-13 21:00:00,4.08522,2016-04-15T21:18:16.000+0000,51.49913951,-0.164337605,1460755126575 
KC5,58.7,2016-04-17 03:00:00,0,2016-04-17T04:17:32.000+0000,51.49019756,-0.190863311,1460866711796 
KC5,106.6,2016-04-15 20:00:00,3.50346,2016-04-15T21:33:16.000+0000,51.49019756,-0.190863311,1460756010844 
KC5,62.6,2016-04-16 05:00:00,2.58454,2016-04-16T06:17:24.000+0000,51.49019756,-0.190863311,1460787511027 
KC3,69.7,2016-04-13 21:00:00,0.41806,2016-04-16T06:17:24.000+0000,51.49913951,-0.164337605,1460787511027 
KC3,69.7,2016-04-13 21:00:00,4.9248,2016-04-16T13:47:29.000+0000,51.49913951,-0.164337605,1460814511297 
KC5,86.5,2016-04-16 08:00:00,3.52364,2016-04-16T09:32:29.000+0000,51.49019756,-0.190863311,1460799211100 
KC4,46.4,2016-04-16 12:00:00,5.61622,2016-04-16T14:02:30.000+0000,51.48743685,-0.168397129,1460815411303 
KC3,69.7,2016-04-13 21:00:00,0.66972,2016-04-17T04:17:32.000+0000,51.49913951,-0.164337605,1460866711796 
KC3,69.7,2016-04-13 21:00:00,3.9083,2016-04-16T21:02:32.000+0000,51.49913951,-0.164337605,1460840611555 
KC3,69.7,2016-04-13 21:00:00,3.45943,2016-04-16T09:32:29.000+0000,51.49913951,-0.164337605,1460799211100 
KC3,69.7,2016-04-13 21:00:00,3.06632,2016-04-17T10:17:33.000+0000,51.49913951,-0.164337605,1460888312014 
KC4,59.8,2016-04-16 16:00:00,6.43969,2016-04-16T17:32:31.000+0000,51.48743685,-0.168397129,1460828011428 
KC3,69.7,2016-04-13 21:00:00,3.20488,2016-04-16T08:47:27.000+0000,51.49913951,-0.164337605,1460796511089 
KC4,47.9,2016-04-16 07:00:00,3.04042,2016-04-16T08:47:27.000+0000,51.48743685,-0.168397129,1460796511089 
KC5,82.3,2016-04-16 07:00:00,3.56844,2016-04-16T08:47:27.000+0000,51.49019756,-0.190863311,1460796511089 
KC5,86.2,2016-04-17 08:00:00,2.01944,2016-04-17T09:17:33.000+0000,51.49019756,-0.190863311,1460884711971 
KC4,57.7,2016-04-17 08:00:00,3.14615,2016-04-17T09:17:33.000+0000,51.48743685,-0.168397129,1460884711971 
KC5,81.6,2016-04-16 14:00:00,5.90456,2016-04-16T15:17:30.000+0000,51.49019756,-0.190863311,1460819911351 
KC3,69.7,2016-04-13 21:00:00,0.64896,2016-04-17T06:47:33.000+0000,51.49913951,-0.164337605,1460875711899 
KC4,47.9,2016-04-16 07:00:00,3.85991,2016-04-16T09:02:27.000+0000,51.48743685,-0.168397129,1460797411093 
KC5,82.3,2016-04-16 07:00:00,4.53553,2016-04-16T09:02:27.000+0000,51.49019756,-0.190863311,1460797411093 
KC3,69.7,2016-04-13 21:00:00,3.52525,2016-04-16T09:02:27.000+0000,51.49913951,-0.164337605,1460797411093 
KC3,69.7,2016-04-13 21:00:00,1.16865,2016-04-16T06:33:24.000+0000,51.49913951,-0.164337605,1460788411050 
KC5,62.6,2016-04-16 05:00:00,1.99571,2016-04-16T06:33:24.000+0000,51.49019756,-0.190863311,1460788411050 
KC4,34.9,2016-04-16 05:00:00,2.05677,2016-04-16T06:33:24.000+0000,51.48743685,-0.168397129,1460788411050 
KC4,45.7,2016-04-17 06:00:00,1.97997,2016-04-17T08:02:33.000+0000,51.48743685,-0.168397129,1460880211923 
KC4,38.6,2016-04-16 00:00:00,1.89566,2016-04-16T01:18:19.000+0000,51.48743685,-0.168397129,1460769510922 
KC3,69.7,2016-04-13 21:00:00,0.05612,2016-04-16T01:18:19.000+0000,51.49913951,-0.164337605,1460769510922 
KC5,81,2016-04-16 23:00:00,1.03335,2016-04-17T00:32:32.000+0000,51.49019756,-0.190863311,1460853211665 
KC4,48.7,2016-04-16 08:00:00,4.76426,2016-04-16T09:32:29.000+0000,51.48743685,-0.168397129,1460799211100 
KC3,69.7,2016-04-13 21:00:00,6.65004,2016-04-16T07:02:24.000+0000,51.49913951,-0.164337605,1460790211060 
KC5,68.3,2016-04-17 07:00:00,1.84668,2016-04-17T08:17:33.000+0000,51.49019756,-0.190863311,1460881111927 
KC5,77.8,2016-04-16 06:00:00,3.84374,2016-04-16T08:02:24.000+0000,51.49019756,-0.190863311,1460793811078 
KC3,69.7,2016-04-13 21:00:00,0.40566,2016-04-16T00:33:19.000+0000,51.49913951,-0.164337605,1460766810906 
KC3,69.7,2016-04-13 21:00:00,0.22098,2016-04-16T04:33:22.000+0000,51.49913951,-0.164337605,1460781211001 
KC3,69.7,2016-04-13 21:00:00,2.19822,2016-04-17T08:02:33.000+0000,51.49913951,-0.164337605,1460880211923 
KC5,58.9,2016-04-17 06:00:00,1.30115,2016-04-17T08:02:33.000+0000,51.49019756,-0.190863311,1460880211923 
KC3,69.7,2016-04-13 21:00:00,7.77177,2016-04-16T17:17:31.000+0000,51.49913951,-0.164337605,1460827111423 
KC4,59.8,2016-04-16 16:00:00,4.17063,2016-04-16T17:17:31.000+0000,51.48743685,-0.168397129,1460827111423 
KC5,86.5,2016-04-16 08:00:00,5.19259,2016-04-16T09:17:27.000+0000,51.49019756,-0.190863311,1460798311096 
KC4,48.7,2016-04-16 08:00:00,5.05111,2016-04-16T09:17:27.000+0000,51.48743685,-0.168397129,1460798311096 
KC3,69.7,2016-04-13 21:00:00,1.29704,2016-04-16T06:47:24.000+0000,51.49913951,-0.164337605,1460789311056 
KC3,69.7,2016-04-13 21:00:00,5.45537,2016-04-16T10:32:29.000+0000,51.49913951,-0.164337605,1460802811136 
KC5,68.9,2016-04-16 09:00:00,5.19889,2016-04-16T10:32:29.000+0000,51.49019756,-0.190863311,1460802811136 
KC4,54.1,2016-04-16 20:00:00,4.42024,2016-04-16T21:32:32.000+0000,51.48743685,-0.168397129,1460842411572 
KC3,69.7,2016-04-13 21:00:00,0.11169,2016-04-17T01:02:32.000+0000,51.49913951,-0.164337605,1460855011686 
KC3,69.7,2016-04-13 21:00:00,0.58837,2016-04-17T02:02:32.000+0000,51.49913951,-0.164337605,1460858611724 
KC3,69.7,2016-04-13 21:00:00,5.53869,2016-04-16T11:32:29.000+0000,51.49913951,-0.164337605,1460806411185 
KC5,80.4,2016-04-16 10:00:00,5.41428,2016-04-16T11:32:29.000+0000,51.49019756,-0.190863311,1460806411185 
KC4,46.9,2016-04-16 14:00:00,5.00413,2016-04-16T15:47:30.000+0000,51.48743685,-0.168397129,1460821711374 
KC4,47,2016-04-17 03:00:00,2.58564,2016-04-17T04:32:32.000+0000,51.48743685,-0.168397129,1460867611811 
KC3,69.7,2016-04-13 21:00:00,0.20807,2016-04-17T04:32:32.000+0000,51.49913951,-0.164337605,1460867611811 
KC4,60.7,2016-04-16 19:00:00,4.40159,2016-04-16T20:32:32.000+0000,51.48743685,-0.168397129,1460838811541 
KC3,69.7,2016-04-13 21:00:00,0.01169,2016-04-15T23:48:19.000+0000,51.49913951,-0.164337605,1460764110889 
KC4,23.3,2016-04-16 03:00:00,0,2016-04-16T04:48:22.000+0000,51.48743685,-0.168397129,1460782111005 
KC5,35.7,2016-04-16 03:00:00,1.17185,2016-04-16T04:48:22.000+0000,51.49019756,-0.190863311,1460782111005 
KC4,51,2016-04-16 09:00:00,5.68801,2016-04-16T10:17:29.000+0000,51.48743685,-0.168397129,1460801911123 
KC3,69.7,2016-04-13 21:00:00,5.94095,2016-04-16T17:02:30.000+0000,51.49913951,-0.164337605,1460826211415 
KC5,55.1,2016-04-16 12:00:00,4.85423,2016-04-16T13:47:29.000+0000,51.49019756,-0.190863311,1460814511297 
KC4,46.4,2016-04-16 12:00:00,5.27832,2016-04-16T13:47:29.000+0000,51.48743685,-0.168397129,1460814511297 
KC5,82.5,2016-04-16 22:00:00,3.79219,2016-04-16T23:17:32.000+0000,51.49019756,-0.190863311,1460848711598 
KC3,69.7,2016-04-13 21:00:00,3.12397,2016-04-15T21:33:16.000+0000,51.49913951,-0.164337605,1460756010844 
KC5,58.8,2016-04-15 23:00:00,0,2016-04-16T00:48:19.000+0000,51.49019756,-0.190863311,1460767710913 
KC3,69.7,2016-04-13 21:00:00,2.87351,2016-04-17T10:02:33.000+0000,51.49913951,-0.164337605,1460887412003 
KC4,57.1,2016-04-17 07:00:00,4.08048,2016-04-17T08:32:33.000+0000,51.48743685,-0.168397129,1460882011930 
KC5,68.9,2016-04-16 13:00:00,4.58238,2016-04-16T14:47:30.000+0000,51.49019756,-0.190863311,1460818111334 
KC4,46.9,2016-04-16 14:00:00,5.55716,2016-04-16T15:32:30.000+0000,51.48743685,-0.168397129,1460820811363 
KC3,69.7,2016-04-13 21:00:00,5.3271,2016-04-16T16:02:30.000+0000,51.49913951,-0.164337605,1460822611381 
KC4,46.9,2016-04-16 14:00:00,4.58166,2016-04-16T16:02:30.000+0000,51.48743685,-0.168397129,1460822611381 
KC5,69.6,2016-04-17 01:00:00,0,2016-04-17T02:17:32.000+0000,51.49019756,-0.190863311,1460859511730 
KC4,55.4,2016-04-17 02:00:00,1.11607,2016-04-17T03:32:32.000+0000,51.48743685,-0.168397129,1460864011754 
KC3,69.7,2016-04-13 21:00:00,2.81366,2016-04-17T03:47:32.000+0000,51.49913951,-0.164337605,1460864911762 
KC5,57.4,2016-04-17 02:00:00,0.14464,2016-04-17T03:47:32.000+0000,51.49019756,-0.190863311,1460864911762 
KC5,58.9,2016-04-17 06:00:00,0.63791,2016-04-17T07:47:33.000+0000,51.49019756,-0.190863311,1460879311920 
KC4,42.3,2016-04-17 04:00:00,0,2016-04-17T05:17:32.000+0000,51.48743685,-0.168397129,1460870311850 
KC3,69.7,2016-04-13 21:00:00,4.13397,2016-04-16T22:17:33.000+0000,51.49913951,-0.164337605,1460845111585 
KC4,72.9,2016-04-16 21:00:00,2.79497,2016-04-16T22:17:33.000+0000,51.48743685,-0.168397129,1460845111585 
KC5,81.6,2016-04-16 14:00:00,3.97532,2016-04-16T15:47:30.000+0000,51.49019756,-0.190863311,1460821711374 
KC4,52.3,2016-04-16 13:00:00,5.72308,2016-04-16T14:32:29.000+0000,51.48743685,-0.168397129,1460817211325 
KC3,69.7,2016-04-13 21:00:00,7.09056,2016-04-16T14:32:29.000+0000,51.49913951,-0.164337605,1460817211325 
KC5,68.9,2016-04-16 13:00:00,5.037,2016-04-16T14:32:29.000+0000,51.49019756,-0.190863311,1460817211325 
KC3,69.7,2016-04-13 21:00:00,0.58603,2016-04-16T00:18:19.000+0000,51.49913951,-0.164337605,1460765910900 
KC3,69.7,2016-04-13 21:00:00,4.3783,2016-04-16T09:47:29.000+0000,51.49913951,-0.164337605,1460800111104 
KC4,57.7,2016-04-17 08:00:00,2.67387,2016-04-17T09:47:33.000+0000,51.48743685,-0.168397129,1460886511995 
KC3,69.7,2016-04-13 21:00:00,4.80001,2016-04-16T16:32:30.000+0000,51.49913951,-0.164337605,1460824411399 
KC3,69.7,2016-04-13 21:00:00,0.74561,2016-04-17T00:02:32.000+0000,51.49913951,-0.164337605,1460851411649 
KC5,85.9,2016-04-17 00:00:00,0,2016-04-17T01:32:31.000+0000,51.49019756,-0.190863311,1460856811709 
KC4,63.1,2016-04-15 22:00:00,3.31838,2016-04-15T23:33:19.000+0000,51.48743685,-0.168397129,1460763210885 
KC4,29.7,2016-04-16 01:00:00,1.20158,2016-04-16T02:48:21.000+0000,51.48743685,-0.168397129,1460774910971 
KC3,69.7,2016-04-13 21:00:00,0,2016-04-16T02:33:21.000+0000,51.49913951,-0.164337605,1460774010958 
KC3,69.7,2016-04-13 21:00:00,1.79751,2016-04-15T22:33:19.000+0000,51.49913951,-0.164337605,1460759610866 
KC5,76.4,2016-04-17 09:00:00,5.84003,2016-04-17T10:32:33.000+0000,51.49019756,-0.190863311,1460889212024 
KC4,72.9,2016-04-16 21:00:00,1.65658,2016-04-16T22:47:32.000+0000,51.48743685,-0.168397129,1460846911592 
KC3,69.7,2016-04-13 21:00:00,2.68071,2016-04-17T08:32:33.000+0000,51.49913951,-0.164337605,1460882011930 
KC3,69.7,2016-04-13 21:00:00,3.74511,2016-04-16T07:17:24.000+0000,51.49913951,-0.164337605,1460791111065 
KC4,46.4,2016-04-16 11:00:00,5.18247,2016-04-16T12:17:29.000+0000,51.48743685,-0.168397129,1460809111247 
KC4,58.3,2016-04-16 22:00:00,2.87049,2016-04-16T23:47:32.000+0000,51.48743685,-0.168397129,1460850511635 
KC5,98.6,2016-04-16 16:00:00,4.94897,2016-04-16T17:17:31.000+0000,51.49019756,-0.190863311,1460827111423 
KC3,69.7,2016-04-13 21:00:00,0.77593,2016-04-17T00:47:32.000+0000,51.49913951,-0.164337605,1460854111677 
KC3,69.7,2016-04-13 21:00:00,0.01134,2016-04-16T01:48:20.000+0000,51.49913951,-0.164337605,1460771310936 
KC4,38.6,2016-04-16 00:00:00,0.4993,2016-04-16T01:48:20.000+0000,51.48743685,-0.168397129,1460771310936 
KC5,32.9,2016-04-16 01:00:00,1.47558,2016-04-16T02:48:21.000+0000,51.49019756,-0.190863311,1460774910971 
KC3,69.7,2016-04-13 21:00:00,0,2016-04-16T02:48:21.000+0000,51.49913951,-0.164337605,1460774910971 
KC3,69.7,2016-04-13 21:00:00,0,2016-04-17T06:02:32.000+0000,51.49913951,-0.164337605,1460873011875 
KC4,29.7,2016-04-16 01:00:00,2.22052,2016-04-16T02:18:21.000+0000,51.48743685,-0.168397129,1460773110951 
KC4,46.4,2016-04-16 06:00:00,1.87922,2016-04-16T07:17:24.000+0000,51.48743685,-0.168397129,1460791111065 
KC5,77.8,2016-04-16 06:00:00,2.78563,2016-04-16T07:17:24.000+0000,51.49019756,-0.190863311,1460791111065 
KC5,81,2016-04-16 23:00:00,4.56157,2016-04-17T00:47:32.000+0000,51.49019756,-0.190863311,1460854111677 
KC3,69.7,2016-04-13 21:00:00,5.5016,2016-04-16T14:02:30.000+0000,51.49913951,-0.164337605,1460815411303 
KC5,69.9,2016-04-16 11:00:00,5.4084,2016-04-16T12:32:29.000+0000,51.49019756,-0.190863311,1460810011257 
KC4,58.3,2016-04-16 22:00:00,2.26443,2016-04-16T23:32:32.000+0000,51.48743685,-0.168397129,1460849611617 
KC3,69.7,2016-04-13 21:00:00,3.44211,2016-04-16T23:32:32.000+0000,51.49913951,-0.164337605,1460849611617 
KC5,58.9,2016-04-17 06:00:00,0.41445,2016-04-17T07:32:33.000+0000,51.49019756,-0.190863311,1460878411917 
KC3,69.7,2016-04-13 21:00:00,6.09955,2016-04-16T13:17:29.000+0000,51.49913951,-0.164337605,1460812711277 
KC4,26.1,2016-04-16 04:00:00,0.3421,2016-04-16T05:33:22.000+0000,51.48743685,-0.168397129,1460784811015 
KC5,33.8,2016-04-16 04:00:00,4.2955,2016-04-16T05:33:22.000+0000,51.49019756,-0.190863311,1460784811015 
KC3,69.7,2016-04-13 21:00:00,1.06793,2016-04-16T05:33:22.000+0000,51.49913951,-0.164337605,1460784811015 
KC3,69.7,2016-04-13 21:00:00,3.86576,2016-04-16T20:02:32.000+0000,51.49913951,-0.164337605,1460837011511 
KC4,58.3,2016-04-16 22:00:00,1.58561,2016-04-16T23:17:32.000+0000,51.48743685,-0.168397129,1460848711598 
KC3,69.7,2016-04-13 21:00:00,0.05622,2016-04-16T23:17:32.000+0000,51.49913951,-0.164337605,1460848711598 
KC4,54.1,2016-04-16 20:00:00,4.61184,2016-04-16T22:02:33.000+0000,51.48743685,-0.168397129,1460844211581 
KC5,81.6,2016-04-16 14:00:00,4.74797,2016-04-16T16:02:30.000+0000,51.49019756,-0.190863311,1460822611381 
KC4,38.5,2016-04-17 09:00:00,3.6267,2016-04-17T10:32:33.000+0000,51.48743685,-0.168397129,1460889212024 
KC5,68.3,2016-04-17 07:00:00,1.54399,2016-04-17T08:32:33.000+0000,51.49019756,-0.190863311,1460882011930 
KC5,55.1,2016-04-16 12:00:00,4.73898,2016-04-16T14:02:30.000+0000,51.49019756,-0.190863311,1460815411303 
KC5,106.6,2016-04-15 20:00:00,2.70341,2016-04-15T21:18:16.000+0000,51.49019756,-0.190863311,1460755126575 
KC5,82.2,2016-04-16 20:00:00,4.67375,2016-04-16T21:17:32.000+0000,51.49019756,-0.190863311,1460841511563 
KC5,72.6,2016-04-16 15:00:00,4.5117,2016-04-16T17:02:30.000+0000,51.49019756,-0.190863311,1460826211415 
KC4,59.8,2016-04-16 15:00:00,6.11605,2016-04-16T17:02:30.000+0000,51.48743685,-0.168397129,1460826211415 
KC4,59.8,2016-04-16 16:00:00,5.53979,2016-04-16T18:02:32.000+0000,51.48743685,-0.168397129,1460829811435 
KC3,69.7,2016-04-13 21:00:00,4.11763,2016-04-16T18:02:32.000+0000,51.49913951,-0.164337605,1460829811435 
KC3,69.7,2016-04-13 21:00:00,2.95365,2016-04-17T09:47:33.000+0000,51.49913951,-0.164337605,1460886511995 
KC3,69.7,2016-04-13 21:00:00,6.33451,2016-04-16T15:47:30.000+0000,51.49913951,-0.164337605,1460821711374 
KC5,82.5,2016-04-16 22:00:00,0.40708,2016-04-17T00:02:32.000+0000,51.49019756,-0.190863311,1460851411649 
KC3,69.7,2016-04-13 21:00:00,0.05523,2016-04-17T02:32:32.000+0000,51.49913951,-0.164337605,1460860411736 
KC4,67.5,2016-04-17 01:00:00,0.83877,2016-04-17T02:32:32.000+0000,51.48743685,-0.168397129,1460860411736 
KC5,68.9,2016-04-16 13:00:00,5.2057,2016-04-16T15:02:30.000+0000,51.49019756,-0.190863311,1460819011347 
KC3,69.7,2016-04-13 21:00:00,5.79088,2016-04-16T15:02:30.000+0000,51.49913951,-0.164337605,1460819011347 
KC4,52.3,2016-04-16 13:00:00,4.49545,2016-04-16T15:02:30.000+0000,51.48743685,-0.168397129,1460819011347 
KC4,72.9,2016-04-16 21:00:00,3.48017,2016-04-16T22:32:32.000+0000,51.48743685,-0.168397129,1460846011588 
KC5,55.5,2016-04-17 05:00:00,0.62856,2016-04-17T06:47:33.000+0000,51.49019756,-0.190863311,1460875711899 
KC4,55,2016-04-17 05:00:00,0,2016-04-17T06:47:33.000+0000,51.48743685,-0.168397129,1460875711899 
KC3,69.7,2016-04-13 21:00:00,6.6518,2016-04-16T17:32:31.000+0000,51.49913951,-0.164337605,1460828011428 
KC5,98.6,2016-04-16 16:00:00,4.28484,2016-04-16T17:32:31.000+0000,51.49019756,-0.190863311,1460828011428 
KC3,69.7,2016-04-13 21:00:00,1.78286,2016-04-16T00:03:19.000+0000,51.49913951,-0.164337605,1460765010894 
KC4,48.3,2016-04-16 10:00:00,5.2175,2016-04-16T11:47:29.000+0000,51.48743685,-0.168397129,1460807311206 
KC4,55.4,2016-04-17 02:00:00,0.4594,2016-04-17T03:47:32.000+0000,51.48743685,-0.168397129,1460864911762 
KC3,69.7,2016-04-13 21:00:00,5.5126,2016-04-16T21:17:32.000+0000,51.49913951,-0.164337605,1460841511563 
KC5,72.6,2016-04-16 15:00:00,4.94688,2016-04-16T16:47:31.000+0000,51.49019756,-0.190863311,1460825311407 
KC4,34.9,2016-04-16 05:00:00,1.57472,2016-04-16T07:02:24.000+0000,51.48743685,-0.168397129,1460790211060 
KC5,62.6,2016-04-16 05:00:00,4.13116,2016-04-16T07:02:24.000+0000,51.49019756,-0.190863311,1460790211060 
KC3,69.7,2016-04-13 21:00:00,0,2016-04-17T06:17:33.000+0000,51.49913951,-0.164337605,1460873911884 
KC5,76.4,2016-04-17 09:00:00,5.29887,2016-04-17T10:17:33.000+0000,51.49019756,-0.190863311,1460888312014 
KC3,69.7,2016-04-13 21:00:00,0.99798,2016-04-16T03:48:21.000+0000,51.49913951,-0.164337605,1460778510987 
KC4,22.8,2016-04-16 02:00:00,0.76691,2016-04-16T03:48:21.000+0000,51.48743685,-0.168397129,1460778510987 
KC3,69.7,2016-04-13 21:00:00,1.32751,2016-04-16T23:47:32.000+0000,51.49913951,-0.164337605,1460850511635 
KC5,86.5,2016-04-16 08:00:00,3.71221,2016-04-16T09:47:29.000+0000,51.49019756,-0.190863311,1460800111104 
KC3,69.7,2016-04-13 21:00:00,4.29409,2016-04-16T21:32:32.000+0000,51.49913951,-0.164337605,1460842411572 
KC5,82.2,2016-04-16 20:00:00,4.04405,2016-04-16T21:32:32.000+0000,51.49019756,-0.190863311,1460842411572 
KC3,69.7,2016-04-13 21:00:00,0,2016-04-16T05:03:22.000+0000,51.49913951,-0.164337605,1460783011009 
KC4,23.3,2016-04-16 03:00:00,0,2016-04-16T05:03:22.000+0000,51.48743685,-0.168397129,1460783011009 
KC4,63.1,2016-04-15 22:00:00,1.9786,2016-04-15T23:18:19.000+0000,51.48743685,-0.168397129,1460762310881 
KC3,69.7,2016-04-13 21:00:00,5.25901,2016-04-16T21:47:32.000+0000,51.49913951,-0.164337605,1460843311575 
KC5,82.2,2016-04-16 20:00:00,2.5976,2016-04-16T21:47:32.000+0000,51.49019756,-0.190863311,1460843311575 
KC3,69.7,2016-04-13 21:00:00,5.80422,2016-04-16T10:17:29.000+0000,51.49913951,-0.164337605,1460801911123 
KC5,68.9,2016-04-16 09:00:00,6.48106,2016-04-16T10:17:29.000+0000,51.49019756,-0.190863311,1460801911123 
KC5,85.9,2016-04-17 00:00:00,0,2016-04-17T02:02:32.000+0000,51.49019756,-0.190863311,1460858611724 
KC3,69.7,2016-04-13 21:00:00,2.11728,2016-04-16T07:48:24.000+0000,51.49913951,-0.164337605,1460792911073 
KC4,46.4,2016-04-16 06:00:00,2.57447,2016-04-16T07:48:24.000+0000,51.48743685,-0.168397129,1460792911073 
KC4,59.8,2016-04-16 15:00:00,5.26975,2016-04-16T16:32:30.000+0000,51.48743685,-0.168397129,1460824411399 
KC3,69.7,2016-04-13 21:00:00,0.01017,2016-04-17T01:32:31.000+0000,51.49913951,-0.164337605,1460856811709 
KC4,77.8,2016-04-17 00:00:00,0,2016-04-17T01:32:31.000+0000,51.48743685,-0.168397129,1460856811709 
KC5,98.6,2016-04-16 16:00:00,4.46105,2016-04-16T18:02:32.000+0000,51.49019756,-0.190863311,1460829811435 
KC3,69.7,2016-04-13 21:00:00,0.08615,2016-04-15T23:18:19.000+0000,51.49913951,-0.164337605,1460762310881 
KC5,58.7,2016-04-17 03:00:00,0.70036,2016-04-17T04:32:32.000+0000,51.49019756,-0.190863311,1460867611811 
KC3,69.7,2016-04-13 21:00:00,3.16221,2016-04-17T09:17:33.000+0000,51.49913951,-0.164337605,1460884711971 
KC3,69.7,2016-04-13 21:00:00,4.03973,2016-04-16T12:47:29.000+0000,51.49913951,-0.164337605,1460810911261 
KC5,69.9,2016-04-16 11:00:00,6.47265,2016-04-16T12:47:29.000+0000,51.49019756,-0.190863311,1460810911261 
KC4,22.8,2016-04-16 02:00:00,2.15883,2016-04-16T04:03:21.000+0000,51.48743685,-0.168397129,1460779410991 
KC3,69.7,2016-04-13 21:00:00,5.83908,2016-04-16T14:17:29.000+0000,51.49913951,-0.164337605,1460816311309 
KC5,68.9,2016-04-16 13:00:00,5.11259,2016-04-16T14:17:29.000+0000,51.49019756,-0.190863311,1460816311309 
KC4,52.3,2016-04-16 13:00:00,6.11509,2016-04-16T14:17:29.000+0000,51.48743685,-0.168397129,1460816311309 
KC5,43.4,2016-04-16 00:00:00,2.21395,2016-04-16T01:18:19.000+0000,51.49019756,-0.190863311,1460769510922 
KC5,32.9,2016-04-16 01:00:00,3.12211,2016-04-16T03:03:21.000+0000,51.49019756,-0.190863311,1460775810976 
KC4,29.7,2016-04-16 01:00:00,0.11594,2016-04-16T03:03:21.000+0000,51.48743685,-0.168397129,1460775810976 
KC4,46.4,2016-04-16 11:00:00,4.12896,2016-04-16T12:47:29.000+0000,51.48743685,-0.168397129,1460810911261 
KC5,69.6,2016-04-17 01:00:00,0,2016-04-17T02:47:32.000+0000,51.49019756,-0.190863311,1460861311741 
KC3,69.7,2016-04-13 21:00:00,0.01665,2016-04-17T02:47:32.000+0000,51.49913951,-0.164337605,1460861311741 
KC4,34.9,2016-04-16 05:00:00,0.55556,2016-04-16T06:17:24.000+0000,51.48743685,-0.168397129,1460787511027 
KC3,69.7,2016-04-13 21:00:00,0.24056,2016-04-17T05:17:32.000+0000,51.49913951,-0.164337605,1460870311850 
KC5,60.8,2016-04-17 04:00:00,0.50334,2016-04-17T05:17:32.000+0000,51.49019756,-0.190863311,1460870311850 
KC3,69.7,2016-04-13 21:00:00,0.55518,2016-04-17T07:02:33.000+0000,51.49913951,-0.164337605,1460876611910 
KC5,55.5,2016-04-17 05:00:00,0.45253,2016-04-17T07:02:33.000+0000,51.49019756,-0.190863311,1460876611910 
KC5,86.2,2016-04-17 08:00:00,4.6718,2016-04-17T09:47:33.000+0000,51.49019756,-0.190863311,1460886511995 
KC4,52,2016-04-16 18:00:00,6.37675,2016-04-16T19:17:32.000+0000,51.48743685,-0.168397129,1460834311473 
KC5,74.2,2016-04-16 19:00:00,3.20736,2016-04-16T20:17:32.000+0000,51.49019756,-0.190863311,1460837911522 
KC4,57.7,2016-04-17 08:00:00,4.75212,2016-04-17T10:02:33.000+0000,51.48743685,-0.168397129,1460887412003 
KC3,69.7,2016-04-13 21:00:00,5.40183,2016-04-16T11:47:29.000+0000,51.49913951,-0.164337605,1460807311206 
KC3,69.7,2016-04-13 21:00:00,1.81733,2016-04-16T22:32:32.000+0000,51.49913951,-0.164337605,1460846011588 
KC5,89.9,2016-04-16 21:00:00,4.6233,2016-04-16T22:32:32.000+0000,51.49019756,-0.190863311,1460846011588 
KC3,69.7,2016-04-13 21:00:00,0,2016-04-16T03:18:20.000+0000,51.49913951,-0.164337605,1460776710980 
KC4,22.8,2016-04-16 02:00:00,1.16365,2016-04-16T03:18:20.000+0000,51.48743685,-0.168397129,1460776710980 
KC5,86.2,2016-04-17 08:00:00,5.18728,2016-04-17T10:02:33.000+0000,51.49019756,-0.190863311,1460887412003 
KC5,57.4,2016-04-17 02:00:00,0.02937,2016-04-17T04:02:32.000+0000,51.49019756,-0.190863311,1460865811780 
KC4,55.4,2016-04-17 02:00:00,0.32552,2016-04-17T04:02:32.000+0000,51.48743685,-0.168397129,1460865811780 
KC3,69.7,2016-04-13 21:00:00,0.97735,2016-04-17T04:02:32.000+0000,51.49913951,-0.164337605,1460865811780 
KC3,69.7,2016-04-13 21:00:00,0.18527,2016-04-16T23:02:32.000+0000,51.49913951,-0.164337605,1460847811595 
KC5,81.6,2016-04-16 18:00:00,3.45642,2016-04-16T19:32:32.000+0000,51.49019756,-0.190863311,1460835211487 
KC4,52,2016-04-16 18:00:00,5.4195,2016-04-16T19:32:32.000+0000,51.48743685,-0.168397129,1460835211487 
KC5,99.7,2016-04-16 17:00:00,3.59056,2016-04-16T19:02:32.000+0000,51.49019756,-0.190863311,1460833411460 
KC5,69.6,2016-04-15 22:00:00,2.25759,2016-04-16T00:03:19.000+0000,51.49019756,-0.190863311,1460765010894 
KC5,58.8,2016-04-15 23:00:00,0,2016-04-16T00:33:19.000+0000,51.49019756,-0.190863311,1460766810906 
KC4,60.3,2016-04-15 23:00:00,0.67076,2016-04-16T00:33:19.000+0000,51.48743685,-0.168397129,1460766810906 
KC5,79.4,2016-04-15 21:00:00,3.43662,2016-04-15T22:48:19.000+0000,51.49019756,-0.190863311,1460760510871 
KC5,81.6,2016-04-16 18:00:00,2.54323,2016-04-16T20:02:32.000+0000,51.49019756,-0.190863311,1460837011511 
KC4,52,2016-04-16 18:00:00,4.56792,2016-04-16T20:02:32.000+0000,51.48743685,-0.168397129,1460837011511 
KC4,46.4,2016-04-16 12:00:00,5.4741,2016-04-16T13:17:29.000+0000,51.48743685,-0.168397129,1460812711277 
KC5,55.1,2016-04-16 12:00:00,5.53724,2016-04-16T13:17:29.000+0000,51.49019756,-0.190863311,1460812711277 
KC5,58.7,2016-04-17 03:00:00,0.21791,2016-04-17T04:47:33.000+0000,51.49019756,-0.190863311,1460868511823 
KC3,69.7,2016-04-13 21:00:00,3.5643,2016-04-16T19:32:32.000+0000,51.49913951,-0.164337605,1460835211487 
KC5,77.8,2016-04-16 06:00:00,4.45429,2016-04-16T07:48:24.000+0000,51.49019756,-0.190863311,1460792911073 
KC3,69.7,2016-04-13 21:00:00,4.79477,2016-04-15T22:03:19.000+0000,51.49913951,-0.164337605,1460757810857 
KC3,69.7,2016-04-13 21:00:00,6.82006,2016-04-16T13:32:29.000+0000,51.49913951,-0.164337605,1460813611287 
KC3,69.7,2016-04-13 21:00:00,0.18206,2016-04-17T02:17:32.000+0000,51.49913951,-0.164337605,1460859511730 
KC4,67.5,2016-04-17 01:00:00,1.04138,2016-04-17T02:17:32.000+0000,51.48743685,-0.168397129,1460859511730 
KC3,69.7,2016-04-13 21:00:00,3.58292,2016-04-17T08:47:33.000+0000,51.49913951,-0.164337605,1460882911943 
KC4,60.3,2016-04-15 23:00:00,1.75675,2016-04-16T00:18:19.000+0000,51.48743685,-0.168397129,1460765910900 
KC4,51,2016-04-16 09:00:00,4.23829,2016-04-16T10:32:29.000+0000,51.48743685,-0.168397129,1460802811136 
KC3,69.7,2016-04-13 21:00:00,0.00228,2016-04-16T02:18:21.000+0000,51.49913951,-0.164337605,1460773110951 
KC5,32.9,2016-04-16 01:00:00,1.52763,2016-04-16T02:18:21.000+0000,51.49019756,-0.190863311,1460773110951 
KC5,82.5,2016-04-16 22:00:00,2.08122,2016-04-16T23:32:32.000+0000,51.49019756,-0.190863311,1460849611617 
KC3,69.7,2016-04-13 21:00:00,0.83092,2016-04-17T07:17:33.000+0000,51.49913951,-0.164337605,1460877511913 
KC4,45.7,2016-04-17 06:00:00,0.87179,2016-04-17T07:17:33.000+0000,51.48743685,-0.168397129,1460877511913 
KC5,58.9,2016-04-17 06:00:00,0.42769,2016-04-17T07:17:33.000+0000,51.49019756,-0.190863311,1460877511913 
KC4,34.9,2016-04-16 05:00:00,1.94394,2016-04-16T06:47:24.000+0000,51.48743685,-0.168397129,1460789311056 
KC4,67.5,2016-04-17 01:00:00,1.42916,2016-04-17T02:47:32.000+0000,51.48743685,-0.168397129,1460861311741 
KC4,60.7,2016-04-16 19:00:00,4.75218,2016-04-16T20:47:32.000+0000,51.48743685,-0.168397129,1460839711549 
KC5,31,2016-04-16 02:00:00,0,2016-04-16T03:18:20.000+0000,51.49019756,-0.190863311,1460776710980 
KC3,69.7,2016-04-13 21:00:00,1.93518,2016-04-17T00:32:32.000+0000,51.49913951,-0.164337605,1460853211665 
KC3,69.7,2016-04-13 21:00:00,5.03682,2016-04-16T14:47:30.000+0000,51.49913951,-0.164337605,1460818111334 
KC3,69.7,2016-04-13 21:00:00,4.44468,2016-04-16T15:17:30.000+0000,51.49913951,-0.164337605,1460819911351 
KC4,46.9,2016-04-16 14:00:00,5.64551,2016-04-16T15:17:30.000+0000,51.48743685,-0.168397129,1460819911351 
KC4,58.3,2016-04-16 22:00:00,1.49568,2016-04-17T00:02:32.000+0000,51.48743685,-0.168397129,1460851411649 
KC3,69.7,2016-04-13 21:00:00,5.63963,2016-04-15T21:48:19.000+0000,51.49913951,-0.164337605,1460756910853 
KC5,68.3,2016-04-17 07:00:00,1.59132,2016-04-17T08:47:33.000+0000,51.49019756,-0.190863311,1460882911943 
KC4,57.1,2016-04-17 07:00:00,2.57882,2016-04-17T08:47:33.000+0000,51.48743685,-0.168397129,1460882911943 
KC3,69.7,2016-04-13 21:00:00,2.61055,2016-04-16T07:33:24.000+0000,51.49913951,-0.164337605,1460792011069 
KC4,69.5,2016-04-15 20:00:00,2.72828,2016-04-15T21:48:19.000+0000,51.48743685,-0.168397129,1460756910853 
KC5,55.5,2016-04-17 05:00:00,1.90053,2016-04-17T06:32:33.000+0000,51.49019756,-0.190863311,1460874811891 
KC3,69.7,2016-04-13 21:00:00,3.56677,2016-04-16T08:17:24.000+0000,51.49913951,-0.164337605,1460794711082 
KC4,48.7,2016-04-16 08:00:00,5.12189,2016-04-16T09:47:29.000+0000,51.48743685,-0.168397129,1460800111104 
KC3,69.7,2016-04-13 21:00:00,0,2016-04-16T03:03:21.000+0000,51.49913951,-0.164337605,1460775810976 
KC3,69.7,2016-04-13 21:00:00,0.12441,2016-04-16T00:48:19.000+0000,51.49913951,-0.164337605,1460767710913 
KC3,69.7,2016-04-13 21:00:00,0.31587,2016-04-17T05:32:33.000+0000,51.49913951,-0.164337605,1460871211864 
KC5,60.8,2016-04-17 04:00:00,0.10428,2016-04-17T05:32:33.000+0000,51.49019756,-0.190863311,1460871211864 
KC4,42.3,2016-04-17 04:00:00,0,2016-04-17T05:32:33.000+0000,51.48743685,-0.168397129,1460871211864 
KC3,69.7,2016-04-13 21:00:00,0.29351,2016-04-16T05:48:22.000+0000,51.49913951,-0.164337605,1460785711018 
KC5,33.8,2016-04-16 04:00:00,0.69647,2016-04-16T05:48:22.000+0000,51.49019756,-0.190863311,1460785711018 
KC4,26.1,2016-04-16 04:00:00,0.82085,2016-04-16T05:48:22.000+0000,51.48743685,-0.168397129,1460785711018 
KC3,69.7,2016-04-13 21:00:00,0,2016-04-16T04:48:22.000+0000,51.49913951,-0.164337605,1460782111005 
KC5,106.6,2016-04-15 20:00:00,3.06268,2016-04-15T22:03:19.000+0000,51.49019756,-0.190863311,1460757810857 
KC4,69.5,2016-04-15 20:00:00,4.18033,2016-04-15T22:03:19.000+0000,51.48743685,-0.168397129,1460757810857 
KC5,79.4,2016-04-15 21:00:00,1.45975,2016-04-15T22:18:19.000+0000,51.49019756,-0.190863311,1460758710861 
KC4,55.7,2016-04-15 21:00:00,4.2346,2016-04-15T22:18:19.000+0000,51.48743685,-0.168397129,1460758710861 
KC3,69.7,2016-04-13 21:00:00,3.16848,2016-04-16T08:02:24.000+0000,51.49913951,-0.164337605,1460793811078 
KC4,46.4,2016-04-16 06:00:00,2.13819,2016-04-16T08:02:24.000+0000,51.48743685,-0.168397129,1460793811078 
KC3,69.7,2016-04-13 21:00:00,0.03377,2016-04-17T01:17:32.000+0000,51.49913951,-0.164337605,1460855911700 
KC4,77.8,2016-04-17 00:00:00,0.4914,2016-04-17T01:17:32.000+0000,51.48743685,-0.168397129,1460855911700 
KC5,85.9,2016-04-17 00:00:00,0.37977,2016-04-17T01:17:32.000+0000,51.49019756,-0.190863311,1460855911700 
KC4,48.3,2016-04-16 10:00:00,4.92845,2016-04-16T11:17:29.000+0000,51.48743685,-0.168397129,1460805511174 
KC5,82.2,2016-04-16 20:00:00,4.03316,2016-04-16T22:02:33.000+0000,51.49019756,-0.190863311,1460844211581 
KC5,60.8,2016-04-17 04:00:00,0.8861,2016-04-17T06:02:32.000+0000,51.49019756,-0.190863311,1460873011875 
KC3,69.7,2016-04-13 21:00:00,3.83734,2016-04-16T19:17:32.000+0000,51.49913951,-0.164337605,1460834311473 
KC5,81.6,2016-04-16 18:00:00,3.23038,2016-04-16T19:17:32.000+0000,51.49019756,-0.190863311,1460834311473 
KC3,69.7,2016-04-13 21:00:00,6.89499,2016-04-16T13:02:29.000+0000,51.49913951,-0.164337605,1460811811268 
KC5,69.9,2016-04-16 11:00:00,6.17445,2016-04-16T13:02:29.000+0000,51.49019756,-0.190863311,1460811811268 
KC4,46.4,2016-04-16 11:00:00,4.46465,2016-04-16T13:02:29.000+0000,51.48743685,-0.168397129,1460811811268 
KC4,55,2016-04-17 05:00:00,0.66642,2016-04-17T06:32:33.000+0000,51.48743685,-0.168397129,1460874811891 
KC3,69.7,2016-04-13 21:00:00,0,2016-04-17T06:32:33.000+0000,51.49913951,-0.164337605,1460874811891 
KC4,75.9,2016-04-16 23:00:00,1.8621,2016-04-17T00:32:32.000+0000,51.48743685,-0.168397129,1460853211665 
KC4,77.8,2016-04-17 00:00:00,1.29727,2016-04-17T02:02:32.000+0000,51.48743685,-0.168397129,1460858611724 
KC4,72.9,2016-04-16 21:00:00,2.48801,2016-04-16T23:02:32.000+0000,51.48743685,-0.168397129,1460847811595 
KC5,89.9,2016-04-16 21:00:00,2.1909,2016-04-16T23:02:32.000+0000,51.49019756,-0.190863311,1460847811595 
KC3,69.7,2016-04-13 21:00:00,6.19545,2016-04-16T11:17:29.000+0000,51.49913951,-0.164337605,1460805511174 
KC4,54.1,2016-04-16 20:00:00,3.74997,2016-04-16T21:47:32.000+0000,51.48743685,-0.168397129,1460843311575 
KC4,69.5,2016-04-15 20:00:00,2.28603,2016-04-15T21:33:16.000+0000,51.48743685,-0.168397129,1460756010844 
KC5,43.4,2016-04-16 00:00:00,1.54941,2016-04-16T01:48:20.000+0000,51.49019756,-0.190863311,1460771310936 
KC4,54.1,2016-04-16 20:00:00,3.21836,2016-04-16T21:17:32.000+0000,51.48743685,-0.168397129,1460841511563 
KC3,69.7,2016-04-13 21:00:00,0.01692,2016-04-16T01:33:20.000+0000,51.49913951,-0.164337605,1460770410927 
KC5,43.4,2016-04-16 00:00:00,0.77992,2016-04-16T01:33:20.000+0000,51.49019756,-0.190863311,1460770410927 
KC4,38.6,2016-04-16 00:00:00,0.56156,2016-04-16T01:33:20.000+0000,51.48743685,-0.168397129,1460770410927 
KC5,57.4,2016-04-17 02:00:00,0.47013,2016-04-17T03:32:32.000+0000,51.49019756,-0.190863311,1460864011754 
KC3,69.7,2016-04-13 21:00:00,0.00225,2016-04-17T03:32:32.000+0000,51.49913951,-0.164337605,1460864011754 
KC3,69.7,2016-04-13 21:00:00,0.09645,2016-04-17T05:47:33.000+0000,51.49913951,-0.164337605,1460872111871 
KC3,69.7,2016-04-13 21:00:00,4.37467,2016-04-16T16:47:31.000+0000,51.49913951,-0.164337605,1460825311407 
KC4,60.3,2016-04-15 23:00:00,0.80594,2016-04-16T00:48:19.000+0000,51.48743685,-0.168397129,1460767710913 
KC3,69.7,2016-04-13 21:00:00,3.21243,2016-04-17T09:32:33.000+0000,51.49913951,-0.164337605,1460885611983 
KC4,57.7,2016-04-17 08:00:00,3.76756,2016-04-17T09:32:33.000+0000,51.48743685,-0.168397129,1460885611983 
KC5,86.2,2016-04-17 08:00:00,2.4529,2016-04-17T09:32:33.000+0000,51.49019756,-0.190863311,1460885611983 
KC5,33.8,2016-04-16 04:00:00,0.49559,2016-04-16T06:03:24.000+0000,51.49019756,-0.190863311,1460786611024 
KC5,58.8,2016-04-15 23:00:00,2.03267,2016-04-16T00:18:19.000+0000,51.49019756,-0.190863311,1460765910900 
KC3,69.7,2016-04-13 21:00:00,4.82541,2016-04-16T17:47:31.000+0000,51.49913951,-0.164337605,1460828911432 
KC4,63.1,2016-04-15 22:00:00,2.37265,2016-04-15T23:48:19.000+0000,51.48743685,-0.168397129,1460764110889 
KC5,69.6,2016-04-15 22:00:00,0.04124,2016-04-15T23:48:19.000+0000,51.49019756,-0.190863311,1460764110889 
KC5,68.9,2016-04-16 09:00:00,5.32759,2016-04-16T11:02:29.000+0000,51.49019756,-0.190863311,1460804611161 
KC3,69.7,2016-04-13 21:00:00,0.01906,2016-04-17T05:02:32.000+0000,51.49913951,-0.164337605,1460869411836 
KC5,80.4,2016-04-16 10:00:00,6.69954,2016-04-16T12:02:29.000+0000,51.49019756,-0.190863311,1460808211220 
KC4,38.6,2016-04-16 00:00:00,0.48733,2016-04-16T02:03:21.000+0000,51.48743685,-0.168397129,1460772210946 
KC4,23.3,2016-04-16 03:00:00,0.77236,2016-04-16T04:33:22.000+0000,51.48743685,-0.168397129,1460781211001 
KC5,35.7,2016-04-16 03:00:00,3.2859,2016-04-16T04:33:22.000+0000,51.49019756,-0.190863311,1460781211001 
KC5,89.9,2016-04-16 21:00:00,3.84735,2016-04-16T22:47:32.000+0000,51.49019756,-0.190863311,1460846911592 
KC3,69.7,2016-04-13 21:00:00,6.42388,2016-04-16T20:17:32.000+0000,51.49913951,-0.164337605,1460837911522 
KC3,69.7,2016-04-13 21:00:00,3.23908,2016-04-17T10:32:33.000+0000,51.49913951,-0.164337605,1460889212024 
KC4,55.7,2016-04-15 21:00:00,2.2148,2016-04-15T23:03:19.000+0000,51.48743685,-0.168397129,1460761410877 
KC5,79.4,2016-04-15 21:00:00,1.78396,2016-04-15T23:03:19.000+0000,51.49019756,-0.190863311,1460761410877 
KC3,69.7,2016-04-13 21:00:00,0.28257,2016-04-15T23:03:19.000+0000,51.49913951,-0.164337605,1460761410877 
KC3,69.7,2016-04-13 21:00:00,5.56017,2016-04-16T12:32:29.000+0000,51.49913951,-0.164337605,1460810011257 
KC4,46.4,2016-04-16 11:00:00,5.92097,2016-04-16T12:32:29.000+0000,51.48743685,-0.168397129,1460810011257 
KC4,26.1,2016-04-16 04:00:00,0,2016-04-16T06:03:24.000+0000,51.48743685,-0.168397129,1460786611024 
KC3,69.7,2016-04-13 21:00:00,0.2884,2016-04-16T06:03:24.000+0000,51.49913951,-0.164337605,1460786611024 
KC5,68.3,2016-04-17 07:00:00,1.60792,2016-04-17T09:02:33.000+0000,51.49019756,-0.190863311,1460883811955 
KC3,69.7,2016-04-13 21:00:00,3.72496,2016-04-17T09:02:33.000+0000,51.49913951,-0.164337605,1460883811955 
KC4,57.1,2016-04-17 07:00:00,2.35918,2016-04-17T09:02:33.000+0000,51.48743685,-0.168397129,1460883811955 
KC3,69.7,2016-04-13 21:00:00,0.00228,2016-04-16T02:03:21.000+0000,51.49913951,-0.164337605,1460772210946 
KC3,69.7,2016-04-13 21:00:00,1.2477,2016-04-17T07:32:33.000+0000,51.49913951,-0.164337605,1460878411917 
KC5,85.9,2016-04-17 00:00:00,0,2016-04-17T01:47:31.000+0000,51.49019756,-0.190863311,1460857711717 
KC5,31,2016-04-16 02:00:00,0,2016-04-16T04:03:21.000+0000,51.49019756,-0.190863311,1460779410991 
KC4,45.7,2016-04-17 06:00:00,2.02516,2016-04-17T07:47:33.000+0000,51.48743685,-0.168397129,1460879311920 
KC3,69.7,2016-04-13 21:00:00,3.97444,2016-04-16T08:32:24.000+0000,51.49913951,-0.164337605,1460795611085 
KC4,63.1,2016-04-15 22:00:00,1.1806,2016-04-16T00:03:19.000+0000,51.48743685,-0.168397129,1460765010894 
KC4,42.3,2016-04-17 04:00:00,1.03797,2016-04-17T06:02:32.000+0000,51.48743685,-0.168397129,1460873011875 
KC4,48.3,2016-04-16 10:00:00,4.76003,2016-04-16T11:32:29.000+0000,51.48743685,-0.168397129,1460806411185 
KC5,31,2016-04-16 02:00:00,0.12176,2016-04-16T03:33:21.000+0000,51.49019756,-0.190863311,1460777610984 
KC3,69.7,2016-04-13 21:00:00,2.6531,2016-04-17T08:17:33.000+0000,51.49913951,-0.164337605,1460881111927 
KC5,69.6,2016-04-15 22:00:00,0.13624,2016-04-15T23:33:19.000+0000,51.49019756,-0.190863311,1460763210885 
KC3,69.7,2016-04-13 21:00:00,0.02601,2016-04-15T23:33:19.000+0000,51.49913951,-0.164337605,1460763210885 
KC4,69.5,2016-04-15 20:00:00,3.61912,2016-04-15T21:18:16.000+0000,51.48743685,-0.168397129,1460755126575 
KC5,31,2016-04-16 02:00:00,0.10705,2016-04-16T03:48:21.000+0000,51.49019756,-0.190863311,1460778510987 
KC5,74.2,2016-04-16 19:00:00,1.8351,2016-04-16T21:02:32.000+0000,51.49019756,-0.190863311,1460840611555 
KC4,60.7,2016-04-16 19:00:00,4.07502,2016-04-16T21:02:32.000+0000,51.48743685,-0.168397129,1460840611555 
KC3,69.7,2016-04-13 21:00:00,5.64343,2016-04-16T16:17:30.000+0000,51.49913951,-0.164337605,1460823511392 
KC5,72.6,2016-04-16 15:00:00,4.01949,2016-04-16T16:17:30.000+0000,51.49019756,-0.190863311,1460823511392 
KC5,99.7,2016-04-16 17:00:00,3.8355,2016-04-16T18:17:32.000+0000,51.49019756,-0.190863311,1460830711438 
KC4,52.2,2016-04-16 17:00:00,5.42826,2016-04-16T18:17:32.000+0000,51.48743685,-0.168397129,1460830711438 
KC4,46.4,2016-04-16 06:00:00,1.92616,2016-04-16T07:33:24.000+0000,51.48743685,-0.168397129,1460792011069 
KC5,77.8,2016-04-16 06:00:00,5.69069,2016-04-16T07:33:24.000+0000,51.49019756,-0.190863311,1460792011069 
KC4,57.1,2016-04-17 07:00:00,3.79193,2016-04-17T08:17:33.000+0000,51.48743685,-0.168397129,1460881111927 
KC5,80.4,2016-04-16 10:00:00,6.18628,2016-04-16T11:17:29.000+0000,51.49019756,-0.190863311,1460805511174 
KC5,76.4,2016-04-17 09:00:00,4.15251,2016-04-17T10:47:33.000+0000,51.49019756,-0.190863311,1460890112032 
KC4,38.5,2016-04-17 09:00:00,2.39121,2016-04-17T10:47:33.000+0000,51.48743685,-0.168397129,1460890112032 
KC5,69.9,2016-04-16 11:00:00,4.94553,2016-04-16T12:17:29.000+0000,51.49019756,-0.190863311,1460809111247 
KC3,69.7,2016-04-13 21:00:00,5.04336,2016-04-16T12:17:29.000+0000,51.49913951,-0.164337605,1460809111247 
KC3,69.7,2016-04-13 21:00:00,0,2016-04-16T05:18:22.000+0000,51.49913951,-0.164337605,1460783911012 
KC4,26.1,2016-04-16 04:00:00,0,2016-04-16T05:18:22.000+0000,51.48743685,-0.168397129,1460783911012 
KC5,33.8,2016-04-16 04:00:00,0,2016-04-16T05:18:22.000+0000,51.49019756,-0.190863311,1460783911012 
KC4,47,2016-04-17 03:00:00,0.88701,2016-04-17T04:47:33.000+0000,51.48743685,-0.168397129,1460868511823 
KC3,69.7,2016-04-13 21:00:00,0.00225,2016-04-17T03:17:32.000+0000,51.49913951,-0.164337605,1460863111749 
KC5,57.4,2016-04-17 02:00:00,0,2016-04-17T03:17:32.000+0000,51.49019756,-0.190863311,1460863111749 
KC4,55.4,2016-04-17 02:00:00,0.49859,2016-04-17T03:17:32.000+0000,51.48743685,-0.168397129,1460863111749 
KC5,106.6,2016-04-15 20:00:00,3.13924,2016-04-15T21:48:19.000+0000,51.49019756,-0.190863311,1460756910853 
KC4,59.8,2016-04-16 15:00:00,5.95847,2016-04-16T16:47:31.000+0000,51.48743685,-0.168397129,1460825311407 
KC3,69.7,2016-04-13 21:00:00,0.59843,2016-04-16T22:47:32.000+0000,51.49913951,-0.164337605,1460846911592 
KC4,51,2016-04-16 09:00:00,5.75944,2016-04-16T10:47:29.000+0000,51.48743685,-0.168397129,1460803711150 
KC3,69.7,2016-04-13 21:00:00,4.35396,2016-04-16T10:47:29.000+0000,51.49913951,-0.164337605,1460803711150 
KC3,69.7,2016-04-13 21:00:00,3.41983,2016-04-15T22:18:19.000+0000,51.49913951,-0.164337605,1460758710861 
KC3,69.7,2016-04-13 21:00:00,4.33932,2016-04-16T18:17:32.000+0000,51.49913951,-0.164337605,1460830711438 
KC5,35.7,2016-04-16 03:00:00,0,2016-04-16T04:18:22.000+0000,51.49019756,-0.190863311,1460780310996 
KC5,35.7,2016-04-16 03:00:00,0.3733,2016-04-16T05:03:22.000+0000,51.49019756,-0.190863311,1460783011009 
